{"cameraMode":{"drawMode":0,"name":"Shaded","section":"Shading Mode"},"sceneLighting":true,"audioPlay":false,"sceneViewState":{"m_AlwaysRefresh":false,"showFog":true,"showSkybox":true,"showFlares":true,"showImageEffects":true,"showParticleSystems":true,"showVisualEffectGraphs":true,"m_FxEnabled":true},"in2DMode":false,"pivot":{"x":-23.841888427734376,"y":-27.224586486816408,"z":68.10684204101563},"rotation":{"x":0.19972582161426545,"y":-0.20062385499477387,"z":0.04181858152151108,"w":0.958182156085968},"size":42.979347229003909,"orthographic":false}